L_susp,N_cables,r_attach,m_gondola,m_one_cable_total,m_cables_total,zeta_pendulum,zeta_torsion,gondola_shape,I_gondola_tilt,I_gondola_yaw,gondola_reference_size,disturbance_case,pend_initial_angle_deg,pend_initial_rate_deg_s,torsion_initial_twist_deg,torsion_initial_yaw_rate_deg_s,dominant_pendulum_period_s,dominant_torsion_period_s,dominant_pendulum_frequency_hz,dominant_torsion_frequency_hz,max_gondola_swing_angle_deg,max_gondola_swing_rate_deg_s,max_gondola_yaw_deg,max_gondola_yaw_rate_deg_s,settling_time_pendulum_s,settling_time_torsion_s,peak_total_cable_tension_N,peak_per_cable_tension_N,minimum_per_cable_tension_N,dynamic_static_tension_ratio,maximum_torsional_torque_Nm,maximum_torsion_element_twist_deg,f_max_relevant_hz,required_imu_sampling_10x_hz,required_imu_sampling_20x_hz,feasible,violations,case_id,sweep_name,varied_parameter,varied_value
8.0,4,0.5,100.0,0.2,0.8,0.005,0.001,cube,16.7,16.7,side=1.00,high,8.0,3.0,8.0,3.0,10.513,4.899,0.0951,0.2041,9.33,13.58,8.73,10.594,1338.6,3118.6,925.0,231.2,216.9,1.052,4.045,0.9427,55.5043,555.0,1110.1,FAIL,L_susp>=10m,0,L_susp,L_susp,8.0
9.75,4,0.5,100.0,0.2,0.8,0.005,0.001,cube,16.7,16.7,side=1.00,high,8.0,3.0,8.0,3.0,10.631,5.408,0.0941,0.1849,8.88,12.22,8.84,9.676,1353.6,3442.8,924.9,231.2,217.1,1.052,3.362,0.9526,50.277,502.8,1005.5,FAIL,L_susp>=10m,1,L_susp,L_susp,9.75
11.5,4,0.5,100.0,0.2,0.8,0.005,0.001,cube,16.7,16.7,side=1.00,high,8.0,3.0,8.0,3.0,10.754,5.873,0.093,0.1703,8.94,10.67,8.93,8.991,1369.2,3739.0,920.7,230.2,217.1,1.047,2.881,0.9629,46.2938,462.9,925.9,OK,OK,2,L_susp,L_susp,11.5
13.25,4,0.5,100.0,0.2,0.8,0.005,0.001,cube,16.7,16.7,side=1.00,high,8.0,3.0,8.0,3.0,10.882,6.304,0.0919,0.1586,8.99,10.73,8.99,8.442,1385.6,4013.4,927.6,231.9,217.0,1.055,2.525,0.9695,43.1285,431.3,862.6,OK,OK,3,L_susp,L_susp,13.25
15.0,4,0.5,100.0,0.2,0.8,0.005,0.001,cube,16.7,16.7,side=1.00,high,8.0,3.0,8.0,3.0,11.016,6.708,0.0908,0.1491,9.04,9.6,9.11,7.997,1402.6,4270.3,921.9,230.5,217.0,1.049,2.252,0.979,40.5346,405.3,810.7,OK,OK,4,L_susp,L_susp,15.0
16.75,4,0.5,100.0,0.2,0.8,0.005,0.001,cube,16.7,16.7,side=1.00,high,8.0,3.0,8.0,3.0,11.154,7.088,0.0897,0.1411,9.08,8.56,9.21,7.625,1420.2,4512.5,916.5,229.1,217.0,1.043,2.036,0.9885,38.3588,383.6,767.2,OK,OK,5,L_susp,L_susp,16.75
18.5,4,0.5,100.0,0.2,0.8,0.005,0.001,cube,16.7,16.7,side=1.00,high,8.0,3.0,8.0,3.0,11.297,7.449,0.0885,0.1342,9.12,8.89,9.26,7.313,1438.4,4742.4,924.7,231.2,217.0,1.052,1.853,0.9983,36.4994,365.0,730.0,OK,OK,6,L_susp,L_susp,18.5
20.25,4,0.5,100.0,0.2,0.8,0.005,0.001,cube,16.7,16.7,side=1.00,high,8.0,3.0,8.0,3.0,11.444,7.794,0.0874,0.1283,9.16,8.52,9.36,7.048,1457.1,4961.6,925.2,231.3,217.0,1.053,1.714,1.0082,34.8867,348.9,697.7,OK,OK,7,L_susp,L_susp,20.25
22.0,4,0.5,100.0,0.2,0.8,0.005,0.001,cube,16.7,16.7,side=1.00,high,8.0,3.0,8.0,3.0,11.595,8.123,0.0862,0.1231,9.2,7.84,9.46,6.816,1476.3,5171.5,921.3,230.3,216.9,1.048,1.592,1.0156,33.4704,334.7,669.4,OK,OK,8,L_susp,L_susp,22.0
15.0,3,0.5,100.0,0.2,0.6,0.005,0.001,cube,16.7,16.7,side=1.00,high,8.0,3.0,8.0,3.0,11.032,6.708,0.0906,0.1491,9.03,9.54,9.11,8.004,1404.6,4270.3,919.6,306.5,288.8,1.048,2.234,0.9752,46.7819,467.8,935.6,OK,OK,9,N_cables,N_cables,3
15.0,4,0.5,100.0,0.2,0.8,0.005,0.001,cube,16.7,16.7,side=1.00,high,8.0,3.0,8.0,3.0,11.016,6.708,0.0908,0.1491,9.04,9.6,9.11,7.997,1402.6,4270.3,921.9,230.5,217.0,1.049,2.252,0.979,40.5346,405.3,810.7,OK,OK,10,N_cables,N_cables,4
15.0,5,0.5,100.0,0.2,1.0,0.005,0.001,cube,16.7,16.7,side=1.00,high,8.0,3.0,8.0,3.0,11.0,6.708,0.0909,0.1491,9.04,9.65,9.11,8.003,1400.6,4270.2,924.3,184.9,174.0,1.049,2.262,0.9838,36.2734,362.7,725.5,OK,OK,11,N_cables,N_cables,5
15.0,6,0.5,100.0,0.2,1.2,0.005,0.001,cube,16.7,16.7,side=1.00,high,8.0,3.0,8.0,3.0,10.984,6.708,0.091,0.1491,9.05,9.71,9.11,8.003,1398.6,4270.2,926.7,154.4,145.3,1.05,2.287,0.9906,33.1295,331.3,662.6,OK,OK,12,N_cables,N_cables,6
15.0,7,0.5,100.0,0.2,1.4,0.005,0.001,cube,16.7,16.7,side=1.00,high,8.0,3.0,8.0,3.0,10.969,6.708,0.0912,0.1491,9.06,9.79,9.11,7.997,1396.6,4270.2,929.3,132.8,124.7,1.051,2.298,0.9934,30.6874,306.9,613.7,OK,OK,13,N_cables,N_cables,7
15.0,8,0.5,100.0,0.2,1.6,0.005,0.001,cube,16.7,16.7,side=1.00,high,8.0,3.0,8.0,3.0,10.953,6.708,0.0913,0.1491,9.07,9.82,9.11,7.989,1394.6,4270.2,931.5,116.4,109.4,1.051,2.303,0.9965,28.7198,287.2,574.4,OK,OK,14,N_cables,N_cables,8
15.0,4,0.3,100.0,0.2,0.8,0.005,0.001,cube,16.7,16.7,side=1.00,high,8.0,3.0,8.0,3.0,11.016,11.165,0.0908,0.0896,9.04,9.6,10.2,5.366,1402.6,7108.2,921.9,230.5,217.0,1.049,0.901,1.0899,40.5346,405.3,810.7,FAIL,yaw<=10deg,15,r,r,0.3
15.0,4,0.54,100.0,0.2,0.8,0.005,0.001,cube,16.7,16.7,side=1.00,high,8.0,3.0,8.0,3.0,11.016,6.167,0.0908,0.1621,9.04,9.6,9.02,8.602,1402.6,3926.3,921.9,230.5,217.0,1.049,2.639,0.97,40.5347,405.3,810.7,OK,OK,16,r,r,0.544
15.0,4,0.79,100.0,0.2,0.8,0.005,0.001,cube,16.7,16.7,side=1.00,high,8.0,3.0,8.0,3.0,11.016,4.263,0.0908,0.2346,9.04,9.6,8.57,12.052,1402.6,2714.1,921.9,230.5,217.0,1.049,5.409,0.9444,40.5348,405.3,810.7,OK,OK,17,r,r,0.789
15.0,4,1.03,100.0,0.2,0.8,0.005,0.001,cube,16.7,16.7,side=1.00,high,8.0,3.0,8.0,3.0,11.016,3.268,0.0908,0.306,9.04,9.6,8.32,15.538,1402.6,2080.2,921.9,230.5,217.0,1.049,9.163,0.9333,40.5351,405.4,810.7,OK,OK,18,r,r,1.033
15.0,4,1.28,100.0,0.2,0.8,0.005,0.001,cube,16.7,16.7,side=1.00,high,8.0,3.0,8.0,3.0,11.016,2.653,0.0908,0.377,9.04,9.6,8.11,19.028,1402.6,1688.8,921.9,230.5,217.0,1.049,13.961,0.929,40.5354,405.4,810.7,OK,OK,19,r,r,1.278
15.0,4,1.52,100.0,0.2,0.8,0.005,0.001,cube,16.7,16.7,side=1.00,high,8.0,3.0,8.0,3.0,11.016,2.239,0.0908,0.4466,9.04,9.6,8.07,22.45,1402.6,1425.6,921.9,230.5,217.0,1.049,19.853,0.9315,40.5357,405.4,810.7,OK,OK,20,r,r,1.522
15.0,4,1.77,100.0,0.2,0.8,0.005,0.001,cube,16.7,16.7,side=1.00,high,8.0,3.0,8.0,3.0,11.016,1.941,0.0908,0.5153,9.04,9.6,8.04,25.824,1402.6,1235.6,921.9,230.5,217.0,1.049,26.709,0.9297,40.5361,405.4,810.7,OK,OK,21,r,r,1.767
15.0,4,2.01,100.0,0.2,0.8,0.005,0.001,cube,16.7,16.7,side=1.00,high,8.0,3.0,8.0,3.0,11.016,1.717,0.0908,0.5823,9.04,9.6,8.01,29.077,1402.6,1093.3,921.9,230.5,217.0,1.049,35.425,0.9521,40.5366,405.4,810.7,OK,OK,22,r,r,2.011
15.0,4,2.26,100.0,0.2,0.8,0.005,0.001,cube,16.7,16.7,side=1.00,high,8.0,3.0,8.0,3.0,11.016,1.543,0.0908,0.6481,9.04,9.6,8.0,32.231,1402.6,982.3,921.9,230.5,217.0,1.049,45.274,0.9668,40.5371,405.4,810.7,OK,OK,23,r,r,2.256
15.0,4,2.5,100.0,0.2,0.8,0.005,0.001,cube,16.7,16.7,side=1.00,high,8.0,3.0,8.0,3.0,11.016,1.404,0.0908,0.712,9.04,9.6,8.0,35.493,1402.6,894.1,921.9,230.5,217.0,1.049,55.46,0.9645,40.5378,405.4,810.8,OK,OK,24,r,r,2.5
15.0,4,0.5,100.0,0.2,0.8,0.001,0.001,cube,16.7,16.7,side=1.00,high,8.0,3.0,8.0,3.0,11.016,6.708,0.0908,0.1491,9.16,10.18,9.11,7.997,7013.0,4270.3,927.4,231.8,216.9,1.055,2.252,0.979,40.5346,405.3,810.7,OK,OK,25,zeta_pendulum,zeta_pendulum,0.001
15.0,4,0.5,100.0,0.2,0.8,0.0031,0.001,cube,16.7,16.7,side=1.00,high,8.0,3.0,8.0,3.0,11.016,6.708,0.0908,0.1491,9.04,9.87,9.11,7.997,2255.0,4270.3,924.4,231.1,217.0,1.052,2.252,0.979,40.5346,405.3,810.7,OK,OK,26,zeta_pendulum,zeta_pendulum,0.00311
15.0,4,0.5,100.0,0.2,0.8,0.0052,0.001,cube,16.7,16.7,side=1.00,high,8.0,3.0,8.0,3.0,11.016,6.708,0.0908,0.1491,9.04,9.57,9.11,7.997,1343.5,4270.3,921.6,230.4,217.0,1.049,2.252,0.979,40.5346,405.3,810.7,OK,OK,27,zeta_pendulum,zeta_pendulum,0.00522
15.0,4,0.5,100.0,0.2,0.8,0.0073,0.001,cube,16.7,16.7,side=1.00,high,8.0,3.0,8.0,3.0,11.016,6.708,0.0908,0.1491,9.03,9.28,9.11,7.997,956.8,4270.3,919.2,229.8,217.0,1.046,2.252,0.979,40.5346,405.3,810.7,OK,OK,28,zeta_pendulum,zeta_pendulum,0.00733
15.0,4,0.5,100.0,0.2,0.8,0.0094,0.001,cube,16.7,16.7,side=1.00,high,8.0,3.0,8.0,3.0,11.016,6.708,0.0908,0.1491,9.03,9.01,9.11,7.997,742.9,4270.3,916.9,229.2,217.0,1.043,2.252,0.979,40.5346,405.3,810.7,OK,OK,29,zeta_pendulum,zeta_pendulum,0.00944
15.0,4,0.5,100.0,0.2,0.8,0.0116,0.001,cube,16.7,16.7,side=1.00,high,8.0,3.0,8.0,3.0,11.016,6.708,0.0908,0.1491,9.03,8.75,9.11,7.997,606.7,4270.3,914.8,228.7,217.0,1.041,2.252,0.979,40.5346,405.3,810.7,OK,OK,30,zeta_pendulum,zeta_pendulum,0.01156
15.0,4,0.5,100.0,0.2,0.8,0.0137,0.001,cube,16.7,16.7,side=1.00,high,8.0,3.0,8.0,3.0,11.016,6.708,0.0908,0.1491,9.03,8.51,9.11,7.997,513.0,4270.3,912.9,228.2,217.0,1.039,2.252,0.979,40.5346,405.3,810.7,OK,OK,31,zeta_pendulum,zeta_pendulum,0.01367
15.0,4,0.5,100.0,0.2,0.8,0.0158,0.001,cube,16.7,16.7,side=1.00,high,8.0,3.0,8.0,3.0,11.016,6.708,0.0908,0.1491,9.02,8.28,9.11,7.997,444.4,4270.3,911.1,227.8,217.0,1.037,2.252,0.979,40.5346,405.3,810.7,OK,OK,32,zeta_pendulum,zeta_pendulum,0.01578
15.0,4,0.5,100.0,0.2,0.8,0.0179,0.001,cube,16.7,16.7,side=1.00,high,8.0,3.0,8.0,3.0,11.016,6.708,0.0908,0.1491,9.02,8.07,9.11,7.997,392.0,4270.3,909.4,227.4,217.0,1.035,2.252,0.979,40.5346,405.3,810.7,OK,OK,33,zeta_pendulum,zeta_pendulum,0.01789
15.0,4,0.5,100.0,0.2,0.8,0.02,0.001,cube,16.7,16.7,side=1.00,high,8.0,3.0,8.0,3.0,11.016,6.708,0.0908,0.1491,9.02,7.86,9.11,7.997,350.7,4270.3,907.9,227.0,217.0,1.033,2.252,0.979,40.5346,405.3,810.7,OK,OK,34,zeta_pendulum,zeta_pendulum,0.02
15.0,4,0.5,100.0,0.2,0.8,0.005,0.001,cube,16.7,16.7,side=1.00,high,8.0,3.0,8.0,3.0,11.016,6.708,0.0908,0.1491,9.04,9.6,9.11,7.997,1402.6,4270.3,921.9,230.5,217.0,1.049,2.252,0.979,40.5346,405.3,810.7,OK,OK,35,zeta_torsion,zeta_torsion,0.001
15.0,4,0.5,100.0,0.2,0.8,0.005,0.0031,cube,16.7,16.7,side=1.00,high,8.0,3.0,8.0,3.0,11.016,6.708,0.0908,0.1491,9.04,9.6,8.62,7.955,1402.6,1373.1,921.9,230.5,217.0,1.049,2.246,0.9766,40.5346,405.3,810.7,OK,OK,36,zeta_torsion,zeta_torsion,0.00311
15.0,4,0.5,100.0,0.2,0.8,0.005,0.0052,cube,16.7,16.7,side=1.00,high,8.0,3.0,8.0,3.0,11.016,6.708,0.0908,0.1491,9.04,9.6,8.62,7.929,1402.6,818.1,921.9,230.5,217.0,1.049,2.245,0.9761,40.5346,405.3,810.7,OK,OK,37,zeta_torsion,zeta_torsion,0.00522
15.0,4,0.5,100.0,0.2,0.8,0.005,0.0073,cube,16.7,16.7,side=1.00,high,8.0,3.0,8.0,3.0,11.016,6.708,0.0908,0.1491,9.04,9.6,8.61,7.903,1402.6,582.6,921.9,230.5,217.0,1.049,2.244,0.9755,40.5346,405.3,810.7,OK,OK,38,zeta_torsion,zeta_torsion,0.00733
15.0,4,0.5,100.0,0.2,0.8,0.005,0.0094,cube,16.7,16.7,side=1.00,high,8.0,3.0,8.0,3.0,11.016,6.708,0.0908,0.1491,9.04,9.6,8.61,7.877,1402.6,452.4,921.9,230.5,217.0,1.049,2.243,0.975,40.5346,405.3,810.7,OK,OK,39,zeta_torsion,zeta_torsion,0.00944
15.0,4,0.5,100.0,0.2,0.8,0.005,0.0116,cube,16.7,16.7,side=1.00,high,8.0,3.0,8.0,3.0,11.016,6.708,0.0908,0.1491,9.04,9.6,8.61,7.851,1402.6,369.4,921.9,230.5,217.0,1.049,2.241,0.9745,40.5346,405.3,810.7,OK,OK,40,zeta_torsion,zeta_torsion,0.01156
15.0,4,0.5,100.0,0.2,0.8,0.005,0.0137,cube,16.7,16.7,side=1.00,high,8.0,3.0,8.0,3.0,11.016,6.708,0.0908,0.1491,9.04,9.6,8.61,7.825,1402.6,312.4,921.9,230.5,217.0,1.049,2.24,0.974,40.5346,405.3,810.7,OK,OK,41,zeta_torsion,zeta_torsion,0.01367
15.0,4,0.5,100.0,0.2,0.8,0.005,0.0158,cube,16.7,16.7,side=1.00,high,8.0,3.0,8.0,3.0,11.016,6.708,0.0908,0.1491,9.04,9.6,8.61,7.799,1402.6,270.6,921.9,230.5,217.0,1.049,2.239,0.9735,40.5346,405.3,810.7,OK,OK,42,zeta_torsion,zeta_torsion,0.01578
15.0,4,0.5,100.0,0.2,0.8,0.005,0.0179,cube,16.7,16.7,side=1.00,high,8.0,3.0,8.0,3.0,11.016,6.708,0.0908,0.1491,9.04,9.6,8.61,7.774,1402.6,238.7,921.9,230.5,217.0,1.049,2.238,0.973,40.5346,405.3,810.7,OK,OK,43,zeta_torsion,zeta_torsion,0.01789
15.0,4,0.5,100.0,0.2,0.8,0.005,0.02,cube,16.7,16.7,side=1.00,high,8.0,3.0,8.0,3.0,11.016,6.708,0.0908,0.1491,9.04,9.6,8.61,7.748,1402.6,213.5,921.9,230.5,217.0,1.049,2.237,0.9726,40.5346,405.3,810.7,OK,OK,44,zeta_torsion,zeta_torsion,0.02
15.0,4,0.5,50.0,0.2,0.8,0.005,0.001,cube,8.3,8.3,side=1.00,high,8.0,3.0,8.0,3.0,74.478,6.718,0.0134,0.1489,9.13,9.98,8.68,8.013,9482.8,4276.8,466.9,116.7,109.3,1.054,1.151,0.9972,28.7198,287.2,574.4,OK,OK,45,m_gondola,m_gondola,50.0
15.0,4,0.5,81.2,0.2,0.8,0.005,0.001,cube,13.5,13.5,side=1.00,high,8.0,3.0,8.0,3.0,13.087,6.712,0.0764,0.149,9.07,9.59,8.95,8.006,1666.2,4272.7,750.4,187.6,176.5,1.05,1.836,0.9839,36.5431,365.4,730.9,OK,OK,46,m_gondola,m_gondola,81.2
15.0,4,0.5,112.5,0.2,0.8,0.005,0.001,cube,18.8,18.8,side=1.00,high,8.0,3.0,8.0,3.0,10.223,6.705,0.0978,0.1491,9.02,10.2,9.22,7.998,1301.6,4268.6,1043.4,260.8,243.9,1.056,2.523,0.976,42.9839,429.8,859.7,OK,OK,47,m_gondola,m_gondola,112.5
15.0,4,0.5,143.8,0.2,0.8,0.005,0.001,cube,24.0,24.0,side=1.00,high,8.0,3.0,8.0,3.0,9.011,6.699,0.111,0.1493,8.98,10.9,9.49,7.998,1147.3,4264.5,1342.0,335.5,311.4,1.064,3.203,0.9726,48.5781,485.8,971.6,OK,OK,48,m_gondola,m_gondola,143.8
15.0,4,0.5,175.0,0.2,0.8,0.005,0.001,cube,29.2,29.2,side=1.00,high,8.0,3.0,8.0,3.0,8.281,6.692,0.1208,0.1494,8.94,10.21,9.75,7.994,1054.4,4260.5,1619.5,404.9,378.6,1.056,3.895,0.9743,53.5763,535.8,1071.5,OK,OK,49,m_gondola,m_gondola,175.0
15.0,4,0.5,206.2,0.2,0.8,0.005,0.001,cube,34.4,34.4,side=1.00,high,8.0,3.0,8.0,3.0,7.761,6.686,0.1288,0.1496,8.91,12.1,10.02,7.989,988.2,4256.4,1948.1,487.0,445.8,1.079,4.581,0.9731,58.1464,581.5,1162.9,FAIL,yaw<=10deg,50,m_gondola,m_gondola,206.2
15.0,4,0.5,237.5,0.2,0.8,0.005,0.001,cube,39.6,39.6,side=1.00,high,8.0,3.0,8.0,3.0,7.355,6.68,0.136,0.1497,8.89,10.73,10.28,7.986,936.5,4252.4,2205.6,551.4,513.3,1.061,5.284,0.9716,62.3957,624.0,1247.9,FAIL,yaw<=10deg,51,m_gondola,m_gondola,237.5
15.0,4,0.5,268.8,0.2,0.8,0.005,0.001,cube,44.8,44.8,side=1.00,high,8.0,3.0,8.0,3.0,7.022,6.673,0.1424,0.1499,8.97,12.07,10.54,7.987,894.1,4248.3,2532.2,633.0,580.6,1.077,5.959,0.9695,66.3735,663.7,1327.5,FAIL,yaw<=10deg,52,m_gondola,m_gondola,268.8
15.0,4,0.5,300.0,0.2,0.8,0.005,0.001,cube,50.0,50.0,side=1.00,high,8.0,3.0,8.0,3.0,6.74,6.667,0.1484,0.15,8.84,13.73,10.8,7.983,858.2,4244.3,2889.2,722.3,648.0,1.102,6.652,0.9689,70.1144,701.1,1402.3,FAIL,yaw<=10deg,53,m_gondola,m_gondola,300.0
15.0,4,0.5,100.0,0.05,0.2,0.005,0.001,cube,16.7,16.7,side=1.00,high,8.0,3.0,8.0,3.0,11.064,6.708,0.0904,0.1491,9.01,9.42,9.11,8.001,1408.8,4270.3,914.7,228.7,215.7,1.047,2.205,0.9648,80.9476,809.5,1619.0,OK,OK,54,m_one_cable_total,m_one_cable_total,0.05
15.0,4,0.5,100.0,0.21,0.84,0.005,0.001,cube,16.7,16.7,side=1.00,high,8.0,3.0,8.0,3.0,11.013,6.708,0.0908,0.1491,9.04,9.61,9.11,8.0,1402.2,4270.3,922.4,230.6,217.1,1.049,2.251,0.9847,39.4683,394.7,789.4,OK,OK,55,m_one_cable_total,m_one_cable_total,0.211
15.0,4,0.5,100.0,0.37,1.49,0.005,0.001,cube,16.7,16.7,side=1.00,high,8.0,3.0,8.0,3.0,10.962,6.708,0.0912,0.1491,9.06,9.79,9.11,8.001,1395.7,4270.2,930.2,232.5,218.5,1.051,2.271,0.9893,29.7727,297.7,595.5,OK,OK,56,m_one_cable_total,m_one_cable_total,0.372
15.0,4,0.5,100.0,0.53,2.13,0.005,0.001,cube,16.7,16.7,side=1.00,high,8.0,3.0,8.0,3.0,10.912,6.707,0.0916,0.1491,9.1,10.03,9.11,7.997,1389.4,4270.1,938.7,234.7,219.9,1.054,2.296,1.0002,24.913,249.1,498.3,OK,OK,57,m_one_cable_total,m_one_cable_total,0.533
15.0,4,0.5,100.0,0.69,2.78,0.005,0.001,cube,16.7,16.7,side=1.00,high,8.0,3.0,8.0,3.0,10.863,6.707,0.0921,0.1491,9.14,10.26,9.11,7.982,1383.1,4270.0,946.9,236.7,221.2,1.057,2.314,1.0029,21.868,218.7,437.4,OK,OK,58,m_one_cable_total,m_one_cable_total,0.694
15.0,4,0.5,100.0,0.86,3.42,0.005,0.001,cube,16.7,16.7,side=1.00,high,8.0,3.0,8.0,3.0,10.815,6.707,0.0925,0.1491,9.18,10.48,9.1,7.991,1377.0,4269.9,955.2,238.8,222.6,1.059,2.348,1.0119,19.7222,197.2,394.4,OK,OK,59,m_one_cable_total,m_one_cable_total,0.856
15.0,4,0.5,100.0,1.02,4.07,0.005,0.001,cube,16.7,16.7,side=1.00,high,8.0,3.0,8.0,3.0,10.768,6.707,0.0929,0.1491,9.23,10.44,9.1,7.956,1371.0,4269.9,961.0,240.3,223.9,1.059,2.407,1.0154,18.123,181.2,362.5,OK,OK,60,m_one_cable_total,m_one_cable_total,1.017
15.0,4,0.5,100.0,1.18,4.71,0.005,0.001,cube,16.7,16.7,side=1.00,high,8.0,3.0,8.0,3.0,10.722,6.707,0.0933,0.1491,9.27,10.49,9.1,7.999,1365.1,4269.8,967.3,241.8,225.3,1.059,2.396,1.0395,16.8662,168.7,337.3,OK,OK,61,m_one_cable_total,m_one_cable_total,1.178
15.0,4,0.5,100.0,1.34,5.36,0.005,0.001,cube,16.7,16.7,side=1.00,high,8.0,3.0,8.0,3.0,10.677,6.707,0.0937,0.1491,9.3,10.61,9.1,8.001,1359.4,4269.7,974.7,243.7,226.7,1.061,2.465,1.0277,15.8452,158.5,316.9,OK,OK,62,m_one_cable_total,m_one_cable_total,1.339
15.0,4,0.5,100.0,1.5,6.0,0.005,0.001,cube,16.7,16.7,side=1.00,high,8.0,3.0,8.0,3.0,10.632,6.707,0.0941,0.1491,9.34,11.26,9.09,7.993,1353.7,4269.6,987.8,246.9,228.1,1.069,2.464,1.0471,14.9948,149.9,299.9,OK,OK,63,m_one_cable_total,m_one_cable_total,1.5
15.0,4,0.5,100.0,0.2,0.8,0.005,0.001,solid_cylinder,17.1,14.7,"R=0.54, h=1.08",high,8.0,3.0,8.0,3.0,11.019,6.3,0.0907,0.1587,9.02,8.75,8.9,8.453,1403.0,4010.6,914.6,228.7,217.0,1.041,2.229,0.9689,40.5347,405.3,810.7,OK,OK,64,gondola_shape,gondola_shape,solid_cylinder
15.0,4,0.5,100.0,0.2,0.8,0.005,0.001,cube,16.7,16.7,side=1.00,high,8.0,3.0,8.0,3.0,11.016,6.708,0.0908,0.1491,9.04,9.6,9.11,7.997,1402.6,4270.3,921.9,230.5,217.0,1.049,2.252,0.979,40.5346,405.3,810.7,OK,OK,65,gondola_shape,gondola_shape,cube
15.0,4,0.5,100.0,0.2,0.8,0.005,0.001,solid_sphere,15.4,15.4,R=0.62,high,8.0,3.0,8.0,3.0,11.025,6.449,0.0907,0.1551,8.95,8.75,8.97,8.276,1403.8,4105.9,915.4,228.9,217.1,1.041,2.236,0.9777,40.5346,405.3,810.7,OK,OK,66,gondola_shape,gondola_shape,solid_sphere
15.0,4,0.5,100.0,0.2,0.8,0.005,0.001,rectangular_box,20.9,38.1,"a=1.78, b=1.19, c=0.47",high,8.0,3.0,8.0,3.0,10.996,10.087,0.0909,0.0991,9.8,11.74,10.81,5.749,1400.0,6421.4,942.4,235.6,216.5,1.072,2.428,1.0564,40.5346,405.3,810.7,FAIL,yaw<=10deg,67,gondola_shape,gondola_shape,rectangular_box
